{
    "name": "root",
    "metadata": {
        "timer_format_version": "0.1.0",
        "start_time_seconds": "1599688400",
        "python_version": "3.7.7 (tags/v3.7.7:d7c567b08f, Mar 10 2020, 10:41:24) [MSC v.1900 64 bit (AMD64)]",
        "command_line_arguments": "C:\\Users\\willi\\AppData\\Local\\Programs\\Python\\Python37\\Scripts\\mlagents-learn trainer_config.yaml --run-id=ball_21",
        "mlagents_version": "0.16.0",
        "mlagents_envs_version": "0.16.0",
        "communication_protocol_version": "1.0.0",
        "tensorflow_version": "2.1.0",
        "end_time_seconds": "1599688412"
    },
    "total": 11.879793800000002,
    "count": 1,
    "self": 0.000496800000000519,
    "children": {
        "run_training.setup": {
            "total": 0.008061700000000283,
            "count": 1,
            "self": 0.008061700000000283
        },
        "TrainerController.start_learning": {
            "total": 11.8712353,
            "count": 1,
            "self": 1.3629418000000175,
            "children": {
                "TrainerController._reset_env": {
                    "total": 6.890033599999999,
                    "count": 1,
                    "self": 6.890033599999999
                },
                "TrainerController.advance": {
                    "total": 3.2146866999999837,
                    "count": 601,
                    "self": 0.0062004000000133175,
                    "children": {
                        "env_step": {
                            "total": 3.2084862999999704,
                            "count": 601,
                            "self": 2.754520799999959,
                            "children": {
                                "SubprocessEnvManager._take_step": {
                                    "total": 0.44674080000001304,
                                    "count": 601,
                                    "self": 0.016325900000049742,
                                    "children": {
                                        "NNPolicy.evaluate": {
                                            "total": 0.4304148999999633,
                                            "count": 601,
                                            "self": 0.4304148999999633
                                        }
                                    }
                                },
                                "workers": {
                                    "total": 0.0072246999999983075,
                                    "count": 600,
                                    "self": 0.0,
                                    "children": {
                                        "worker_root": {
                                            "total": 4.38207970000003,
                                            "count": 600,
                                            "is_parallel": true,
                                            "self": 2.1565632000000488,
                                            "children": {
                                                "steps_from_proto": {
                                                    "total": 0.0002266000000004098,
                                                    "count": 1,
                                                    "is_parallel": true,
                                                    "self": 8.249999999954127e-05,
                                                    "children": {
                                                        "_process_vector_observation": {
                                                            "total": 0.00014410000000086853,
                                                            "count": 2,
                                                            "is_parallel": true,
                                                            "self": 0.00014410000000086853
                                                        }
                                                    }
                                                },
                                                "UnityEnvironment.step": {
                                                    "total": 2.2252898999999813,
                                                    "count": 600,
                                                    "is_parallel": true,
                                                    "self": 0.043906199999963036,
                                                    "children": {
                                                        "UnityEnvironment._generate_step_input": {
                                                            "total": 0.03458950000000627,
                                                            "count": 600,
                                                            "is_parallel": true,
                                                            "self": 0.03458950000000627
                                                        },
                                                        "communicator.exchange": {
                                                            "total": 2.047005400000014,
                                                            "count": 600,
                                                            "is_parallel": true,
                                                            "self": 2.047005400000014
                                                        },
                                                        "steps_from_proto": {
                                                            "total": 0.09978879999999801,
                                                            "count": 600,
                                                            "is_parallel": true,
                                                            "self": 0.043656200000008916,
                                                            "children": {
                                                                "_process_vector_observation": {
                                                                    "total": 0.0561325999999891,
                                                                    "count": 1200,
                                                                    "is_parallel": true,
                                                                    "self": 0.0561325999999891
                                                                }
                                                            }
                                                        }
                                                    }
                                                }
                                            }
                                        }
                                    }
                                }
                            }
                        }
                    }
                },
                "trainer_threads": {
                    "total": 2.190000000013015e-05,
                    "count": 1,
                    "self": 2.190000000013015e-05,
                    "children": {
                        "thread_root": {
                            "total": 0.0,
                            "count": 0,
                            "is_parallel": true,
                            "self": 0.0,
                            "children": {
                                "trainer_advance": {
                                    "total": 3.337630799999971,
                                    "count": 1629,
                                    "is_parallel": true,
                                    "self": 0.04994990000000321,
                                    "children": {
                                        "process_trajectory": {
                                            "total": 3.287680899999968,
                                            "count": 1629,
                                            "is_parallel": true,