{
    "name": "root",
    "metadata": {
        "timer_format_version": "0.1.0",
        "start_time_seconds": "1602990233",
        "python_version": "3.7.7 (tags/v3.7.7:d7c567b08f, Mar 10 2020, 10:41:24) [MSC v.1900 64 bit (AMD64)]",
        "command_line_arguments": "C:\\Users\\willi\\AppData\\Local\\Programs\\Python\\Python37\\Scripts\\mlagents-learn trainer_config.yaml --run-id=ball_28 --resume",
        "mlagents_version": "0.16.0",
        "mlagents_envs_version": "0.16.0",
        "communication_protocol_version": "1.0.0",
        "tensorflow_version": "2.1.0",
        "end_time_seconds": "1602990241"
    },
    "total": 7.316401,
    "count": 1,
    "self": 0.19239609999999985,
    "children": {
        "run_training.setup": {
            "total": 0.006994100000000003,
            "count": 1,
            "self": 0.006994100000000003
        },
        "TrainerController.start_learning": {
            "total": 7.1170108,
            "count": 1,
            "self": 1.3697074000000002,
            "children": {
                "TrainerController._reset_env": {
                    "total": 5.303592,
                    "count": 1,
                    "self": 5.303592
                },
                "TrainerController.advance": {
                    "total": 0.06350589999999912,
                    "count": 1,
                    "self": 1.2200000000461841e-05,
                    "children": {
                        "env_step": {
                            "total": 0.06349369999999865,
                            "count": 1,
                            "self": 0.020918899999998075,
                            "children": {
                                "SubprocessEnvManager._take_step": {
                                    "total": 0.04255900000000068,
                                    "count": 1,
                                    "self": 3.0000000000640625e-05,
                                    "children": {
                                        "NNPolicy.evaluate": {
                                            "total": 0.04252900000000004,
                                            "count": 1,
                                            "self": 0.04252900000000004
                                        }
                                    }
                                },
                                "workers": {
                                    "total": 1.5799999999899228e-05,
                                    "count": 1,
                                    "self": 0.0,
                                    "children": {
                                        "worker_root": {
                                            "total": 1.2867153,
                                            "count": 1,
                                            "is_parallel": true,
                                            "self": 1.2671793000000005,
                                            "children": {
                                                "steps_from_proto": {
                                                    "total": 0.0002888999999992592,
                                                    "count": 1,
                                                    "is_parallel": true,
                                                    "self": 7.599999999996498e-05,
                                                    "children": {
                                                        "_process_vector_observation": {
                                                            "total": 0.0002128999999992942,
                                                            "count": 2,
                                                            "is_parallel": true,
                                                            "self": 0.0002128999999992942
                                                        }
                                                    }
                                                },
                                                "UnityEnvironment.step": {
                                                    "total": 0.019247100000000295,
                                                    "count": 1,
                                                    "is_parallel": true,
                                                    "self": 7.149999999978007e-05,
                                                    "children": {
                                                        "UnityEnvironment._generate_step_input": {
                                                            "total": 6.839999999996849e-05,
                                                            "count": 1,
                                                            "is_parallel": true,
                                                            "self": 6.839999999996849e-05
                                                        },
                                                        "communicator.exchange": {
                                                            "total": 0.01894740000000006,
                                                            "count": 1,
                                                            "is_parallel": true,
                                                            "self": 0.01894740000000006
                                                        },
                                                        "steps_from_proto": {
                                                            "total": 0.00015980000000048733,
                                                            "count": 1,
                                                            "is_parallel": true,
                                                            "self": 6.750000000010914e-05,
                                                            "children": {
                                                                "_process_vector_observation": {
                                                                    "total": 9.230000000037819e-05,
                                                                    "count": 2,
                                                                    "is_parallel": true,
                                                                    "self": 9.230000000037819e-05
                                                                }
                                                            }
                                                        }
                                                    }
                                                }
                                            }
                                        }
                                    }
                                }
                            }
                        }
                    }
                },
                "trainer_threads": {
                    "total": 1.2999999999152578e-05,
                    "count": 1,
                    "self": 1.2999999999152578e-05,
                    "children": {
                        "thread_root": {
                            "total": 0.0,
                            "count": 0,
                            "is_parallel": true,
                            "self": 0.0,
                            "children": {
                                "trainer_advance": {
                                    "total": 0.06486149999999746,
                                    "count": 33,
                                    "is_parallel": true,
                                    "self": 0.0008917999999979997,
                                    "children": {
                                        "process_trajectory": {
                                            "total": 0.06396969999999946,
                                            "count": 33,
                                            "is_parallel": true,