Steps,Policy/Entropy,Environment/Episode Length,Policy/Extrinsic Value Estimate,Environment/Cumulative Reward,Policy/Extrinsic Reward,Is Training
12000,1.4189383,144.0,nan,6.647151667897294,6.647151667897294,1.0
24000,nan,195.93548387096774,nan,9.233826867995724,9.233826867995724,1.0
36000,nan,169.56521739130434,nan,8.273564898449441,8.273564898449441,1.0
48000,nan,159.46666666666667,nan,7.084042247136434,7.084042247136434,1.0
