{
    "name": "root",
    "gauges": {
        "ball_10_MyBehavior.Policy.Entropy.mean": {
            "value": 1.4495183229446411,
            "min": 1.4189382791519165,
            "max": 1.4495525360107422,
            "count": 50
        },
        "ball_10_MyBehavior.Environment.EpisodeLength.mean": {
            "value": 41.88412017167382,
            "min": 41.360169491525426,
            "max": 42.65502183406114,
            "count": 50
        },
        "ball_10_MyBehavior.Policy.ExtrinsicValueEstimate.mean": {
            "value": 1.4043868780136108,
            "min": -163.74179077148438,
            "max": 1.5172539949417114,
            "count": 50
        },
        "ball_10_MyBehavior.Environment.CumulativeReward.mean": {
            "value": 3.205493371374106,
            "min": 3.1492752170158647,
            "max": 3.2821963281090083,
            "count": 50
        },
        "ball_10_MyBehavior.Policy.ExtrinsicReward.mean": {
            "value": 3.205493371374106,
            "min": 3.1492752170158647,
            "max": 3.2821963281090083,
            "count": 50
        },
        "ball_10_MyBehavior.IsTraining.mean": {
            "value": 1.0,
            "min": 1.0,
            "max": 1.0,
            "count": 50
        },
        "ball_10_MyBehavior.Losses.ValueLoss.mean": {
            "value": 0.5681175589561462,
            "min": 0.5681175589561462,
            "max": 7356.49658203125,
            "count": 48
        },
        "ball_10_MyBehavior.Losses.PolicyLoss.mean": {
            "value": 0.024914294481277466,
            "min": 0.021983478218317032,
            "max": 0.35786059498786926,
            "count": 48
        },
        "ball_10_MyBehavior.Policy.LearningRate.mean": {
            "value": 4.414299837662838e-06,
            "min": 4.414299837662838e-06,
            "max": 0.00029385543894022703,
            "count": 48
        }
    },
    "metadata": {
        "timer_format_version": "0.1.0",
        "start_time_seconds": "1599082105",
        "python_version": "3.7.7 (tags/v3.7.7:d7c567b08f, Mar 10 2020, 10:41:24) [MSC v.1900 64 bit (AMD64)]",
        "command_line_arguments": "C:\\Users\\willi\\AppData\\Local\\Programs\\Python\\Python37\\Scripts\\mlagents-learn trainer_config.yaml --run-id=ball_10",
        "mlagents_version": "0.16.0",
        "mlagents_envs_version": "0.16.0",
        "communication_protocol_version": "1.0.0",
        "tensorflow_version": "2.1.0",
        "end_time_seconds": "1599084277"
    },
    "total": 2172.2119912,
    "count": 1,
    "self": 0.21623690000023998,
    "children": {
        "run_training.setup": {
            "total": 0.006784200000000018,
            "count": 1,
            "self": 0.006784200000000018
        },
        "TrainerController.start_learning": {
            "total": 2171.9889700999997,
            "count": 1,
            "self": 124.0725665000432,
            "children": {
                "TrainerController._reset_env": {
                    "total": 12.4725471,
                    "count": 1,
                    "self": 12.4725471
                },
                "TrainerController.advance": {
                    "total": 2031.662273899957,
                    "count": 500027,
                    "self": 5.342069399878255,
                    "children": {
                        "env_step": {
                            "total": 2026.3202045000787,
                            "count": 500027,
                            "self": 1757.1070652000972,
                            "children": {
                                "SubprocessEnvManager._take_step": {
                                    "total": 263.19313249995383,
                                    "count": 500027,
                                    "self": 13.04670519983776,
                                    "children": {
                                        "NNPolicy.evaluate": {
                                            "total": 250.14642730011607,
                                            "count": 500027,
                                            "self": 250.14642730011607
                                        }
                                    }
                                },
                                "workers": {
                                    "total": 6.0200068000277795,
                                    "count": 500027,
                                    "self": 0.0,
                                    "children": {
                                        "worker_root": {
                                            "total": 2148.7150892000427,
                                            "count": 500027,
                                            "is_parallel": true,
                                            "self": 828.6961474999594,
                                            "children": {
                                                "steps_from_proto": {
                                                    "total": 0.00019799999999925433,
                                                    "count": 1,
                                                    "is_parallel": true,
                                                    "self": 7.100000000015427e-05,
                                                    "children": {
                                                        "_process_vector_observation": {
                                                            "total": 0.00012699999999910005,
                                                            "count": 2,
                                                            "is_parallel": true,
                                                            "self": 0.00012699999999910005
                                                        }
                                                    }
                                                },
                                                "UnityEnvironment.step": {
                                                    "total": 1320.0187437000834,
                                                    "count": 500027,
                                                    "is_parallel": true,
                                                    "self": 30.793582099940977,
                                                    "children": {
                                                        "UnityEnvironment._generate_step_input": {
                                                            "total": 23.158183500066226,
                                                            "count": 500027,
                                                            "is_parallel": true,
                                                            "self": 23.158183500066226
                                                        },
                                                        "communicator.exchange": {
                                                            "total": 1196.0645021999972,
                                                            "count": 500027,
                                                            "is_parallel": true,
                                                            "self": 1196.0645021999972
                                                        },
                                                        "steps_from_proto": {
                                                            "total": 70.00247590007912,
                                                            "count": 500027,
                                                            "is_parallel": true,
                                                            "self": 31.669564399942573,