{
    "name": "root",
    "gauges": {
        "ball_1_MyBehavior.Policy.Entropy.mean": {
            "value": 1.469114899635315,
            "min": 1.4189382791519165,
            "max": 1.469114899635315,
            "count": 50
        },
        "ball_1_MyBehavior.Policy.ExtrinsicValueEstimate.mean": {
            "value": -0.554355263710022,
            "min": -560.8126220703125,
            "max": -0.554355263710022,
            "count": 50
        },
        "ball_1_MyBehavior.Environment.EpisodeLength.mean": {
            "value": 81.77685950413223,
            "min": 79.37903225806451,
            "max": 82.475,
            "count": 50
        },
        "ball_1_MyBehavior.Environment.CumulativeReward.mean": {
            "value": -0.9800495862468215,
            "min": -0.985934425756091,
            "max": -0.9697235763921002,
            "count": 50
        },
        "ball_1_MyBehavior.Policy.ExtrinsicReward.mean": {
            "value": -0.9800495862468215,
            "min": -0.985934425756091,
            "max": -0.9697235763921002,
            "count": 50
        },
        "ball_1_MyBehavior.IsTraining.mean": {
            "value": 1.0,
            "min": 1.0,
            "max": 1.0,
            "count": 50
        },
        "ball_1_MyBehavior.Losses.ValueLoss.mean": {
            "value": 0.12983278930187225,
            "min": 0.08988072723150253,
            "max": 38331.66796875,
            "count": 48
        },
        "ball_1_MyBehavior.Losses.PolicyLoss.mean": {
            "value": 0.01949106715619564,
            "min": 0.01949106715619564,
            "max": 0.3732786476612091,
            "count": 48
        },
        "ball_1_MyBehavior.Policy.LearningRate.mean": {
            "value": 4.251096015650546e-06,
            "min": 4.251096015650546e-06,
            "max": 0.00029384938534349203,
            "count": 48
        }
    },
    "metadata": {
        "timer_format_version": "0.1.0",
        "start_time_seconds": "1598810780",
        "python_version": "3.7.7 (tags/v3.7.7:d7c567b08f, Mar 10 2020, 10:41:24) [MSC v.1900 64 bit (AMD64)]",
        "command_line_arguments": "C:\\Users\\willi\\AppData\\Local\\Programs\\Python\\Python37\\Scripts\\mlagents-learn trainer_config.yaml --run-id=ball_1",
        "mlagents_version": "0.16.0",
        "mlagents_envs_version": "0.16.0",
        "communication_protocol_version": "1.0.0",
        "tensorflow_version": "2.1.0",
        "end_time_seconds": "1598812914"
    },
    "total": 2134.0523985,
    "count": 1,
    "self": 0.33309989999997924,
    "children": {
        "run_training.setup": {
            "total": 0.08175929999999987,
            "count": 1,
            "self": 0.08175929999999987
        },
        "TrainerController.start_learning": {
            "total": 2133.6375393,
            "count": 1,
            "self": 149.48004219996187,
            "children": {
                "TrainerController._reset_env": {
                    "total": 16.836487899999998,
                    "count": 1,
                    "self": 16.836487899999998
                },
                "TrainerController.advance": {
                    "total": 1963.1754563000381,
                    "count": 500041,
                    "self": 5.999245699979383,
                    "children": {
                        "env_step": {
                            "total": 1957.1762106000588,
                            "count": 500041,
                            "self": 1641.509287400022,
                            "children": {
                                "SubprocessEnvManager._take_step": {
                                    "total": 308.9600390999783,
                                    "count": 500041,
                                    "self": 15.399662600017052,
                                    "children": {
                                        "NNPolicy.evaluate": {
                                            "total": 293.56037649996125,
                                            "count": 500041,
                                            "self": 293.56037649996125
                                        }
                                    }
                                },
                                "workers": {
                                    "total": 6.706884100058392,
                                    "count": 500041,
                                    "self": 0.0,
                                    "children": {
                                        "worker_root": {
                                            "total": 2102.651331100054,
                                            "count": 500041,
                                            "is_parallel": true,
                                            "self": 994.3715276999992,
                                            "children": {
                                                "steps_from_proto": {
                                                    "total": 0.0003352999999997053,
                                                    "count": 1,
                                                    "is_parallel": true,
                                                    "self": 8.820000000042683e-05,
                                                    "children": {
                                                        "_process_vector_observation": {
                                                            "total": 0.00024709999999927845,
                                                            "count": 2,
                                                            "is_parallel": true,
                                                            "self": 0.00024709999999927845
                                                        }
                                                    }
                                                },
                                                "UnityEnvironment.step": {
                                                    "total": 1108.2794681000548,
                                                    "count": 500041,
                                                    "is_parallel": true,
                                                    "self": 40.209314100002985,
                                                    "children": {
                                                        "UnityEnvironment._generate_step_input": {
                                                            "total": 34.26609250001826,
                                                            "count": 500041,
                                                            "is_parallel": true,
                                                            "self": 34.26609250001826
                                                        },
                                                        "communicator.exchange": {
                                                            "total": 944.4121918000185,
                                                            "count": 500041,
                                                            "is_parallel": true,
                                                            "self": 944.4121918000185
                                                        },
                                                        "steps_from_proto": {
                                                            "total": 89.39186970001523,
                                                            "count": 500041,
                                                            "is_parallel": true,
                                                            "self": 37.73384569999074,
                                                            "children": {
                                                                "_process_vector_observation": {
                                                                    "total": 51.6580240000245,