Steps,Policy/Entropy,Environment/Episode Length,Policy/Extrinsic Value Estimate,Environment/Cumulative Reward,Policy/Extrinsic Reward,Is Training
12000,1.4189383,140.72941176470587,nan,13.202383319536844,13.202383319536844,1.0
24000,nan,158.86666666666667,nan,15.150669562021891,15.150669562021891,1.0
36000,nan,136.2921348314607,nan,12.44606967990318,12.44606967990318,1.0
48000,nan,153.72368421052633,nan,14.819739536235208,14.819739536235208,1.0
60000,nan,175.76470588235293,nan,16.86323814532336,16.86323814532336,1.0
72000,nan,152.0,nan,14.359496056279049,14.359496056279049,1.0
84000,nan,153.1125,nan,14.13750246167183,14.13750246167183,1.0
96000,nan,176.7076923076923,nan,17.361541241865893,17.361541241865893,1.0
