{
    "name": "root",
    "gauges": {
        "ball_12_MyBehavior.Policy.Entropy.mean": {
            "value": 1.4429101943969727,
            "min": 1.4189382791519165,
            "max": 1.4451050758361816,
            "count": 50
        },
        "ball_12_MyBehavior.Environment.EpisodeLength.mean": {
            "value": 42.07327586206897,
            "min": 41.470338983050844,
            "max": 42.82532751091703,
            "count": 50
        },
        "ball_12_MyBehavior.Policy.ExtrinsicValueEstimate.mean": {
            "value": 1.5119816064834595,
            "min": 1.5119816064834595,
            "max": 354.67742919921875,
            "count": 50
        },
        "ball_12_MyBehavior.Environment.CumulativeReward.mean": {
            "value": 3.230249764590428,
            "min": 3.1691862314434376,
            "max": 3.3040392409291184,
            "count": 50
        },
        "ball_12_MyBehavior.Policy.ExtrinsicReward.mean": {
            "value": 3.230249764590428,
            "min": 3.1691862314434376,
            "max": 3.3040392409291184,
            "count": 50
        },
        "ball_12_MyBehavior.IsTraining.mean": {
            "value": 1.0,
            "min": 1.0,
            "max": 1.0,
            "count": 50
        },
        "ball_12_MyBehavior.Losses.ValueLoss.mean": {
            "value": 1.021111249923706,
            "min": 1.021111249923706,
            "max": 33275.91796875,
            "count": 48
        },
        "ball_12_MyBehavior.Losses.PolicyLoss.mean": {
            "value": 0.020792556926608086,
            "min": 0.015489625744521618,
            "max": 0.5277007818222046,
            "count": 48
        },
        "ball_12_MyBehavior.Policy.LearningRate.mean": {
            "value": 4.48929449703428e-06,
            "min": 4.48929449703428e-06,
            "max": 0.0002938452525995672,
            "count": 48
        }
    },
    "metadata": {
        "timer_format_version": "0.1.0",
        "start_time_seconds": "1599176476",
        "python_version": "3.7.7 (tags/v3.7.7:d7c567b08f, Mar 10 2020, 10:41:24) [MSC v.1900 64 bit (AMD64)]",
        "command_line_arguments": "C:\\Users\\willi\\AppData\\Local\\Programs\\Python\\Python37\\Scripts\\mlagents-learn trainer_config.yaml --run-id=ball_12",
        "mlagents_version": "0.16.0",
        "mlagents_envs_version": "0.16.0",
        "communication_protocol_version": "1.0.0",
        "tensorflow_version": "2.1.0",
        "end_time_seconds": "1599178505"
    },
    "total": 2028.9071075000002,
    "count": 1,
    "self": 0.5594307000001209,
    "children": {
        "run_training.setup": {
            "total": 0.06424140000000023,
            "count": 1,
            "self": 0.06424140000000023
        },
        "TrainerController.start_learning": {
            "total": 2028.2834354000001,
            "count": 1,
            "self": 120.21505109995041,
            "children": {
                "TrainerController._reset_env": {
                    "total": 14.608313100000002,
                    "count": 1,
                    "self": 14.608313100000002
                },
                "TrainerController.advance": {
                    "total": 1889.3703221000494,
                    "count": 500012,
                    "self": 5.348326600009841,
                    "children": {
                        "env_step": {
                            "total": 1884.0219955000396,
                            "count": 500012,
                            "self": 1614.652821500028,
                            "children": {
                                "SubprocessEnvManager._take_step": {
                                    "total": 263.33794240003795,
                                    "count": 500012,
                                    "self": 12.594929800051432,
                                    "children": {
                                        "NNPolicy.evaluate": {
                                            "total": 250.7430125999865,
                                            "count": 500012,
                                            "self": 250.7430125999865
                                        }
                                    }
                                },
                                "workers": {
                                    "total": 6.0312315999737045,
                                    "count": 500012,
                                    "self": 0.0,
                                    "children": {
                                        "worker_root": {
                                            "total": 2002.6351408000614,
                                            "count": 500012,
                                            "is_parallel": true,
                                            "self": 821.455234900006,
                                            "children": {
                                                "steps_from_proto": {
                                                    "total": 0.0002718999999995475,
                                                    "count": 1,
                                                    "is_parallel": true,
                                                    "self": 7.650000000047896e-05,
                                                    "children": {
                                                        "_process_vector_observation": {
                                                            "total": 0.00019539999999906854,
                                                            "count": 2,
                                                            "is_parallel": true,
                                                            "self": 0.00019539999999906854
                                                        }
                                                    }
                                                },
                                                "UnityEnvironment.step": {
                                                    "total": 1181.1796340000556,
                                                    "count": 500012,
                                                    "is_parallel": true,
                                                    "self": 31.82811830015453,
                                                    "children": {
                                                        "UnityEnvironment._generate_step_input": {
                                                            "total": 25.027059299874086,
                                                            "count": 500012,
                                                            "is_parallel": true,
                                                            "self": 25.027059299874086
                                                        },
                                                        "communicator.exchange": {
                                                            "total": 1050.3703392999666,
                                                            "count": 500012,
                                                            "is_parallel": true,
                                                            "self": 1050.3703392999666
                                                        },
                                                        "steps_from_proto": {
                                                            "total": 73.95411710006044,
                                                            "count": 500012,
                                                            "is_parallel": true,
                                                            "self": 33.070373100049636,