{
    "name": "root",
    "gauges": {
        "ball_40_Platform.Policy.Entropy.mean": {
            "value": 1.4189382791519165,
            "min": 1.4189382791519165,
            "max": 1.4189382791519165,
            "count": 1
        },
        "ball_40_Platform.Environment.EpisodeLength.mean": {
            "value": 157.08,
            "min": 142.0,
            "max": 182.06349206349208,
            "count": 13
        },
        "ball_40_Platform.Environment.CumulativeReward.mean": {
            "value": 15.062669461568197,
            "min": 13.182145215216137,
            "max": 17.987304551260813,
            "count": 13
        },
        "ball_40_Platform.Policy.ExtrinsicReward.mean": {
            "value": 15.062669461568197,
            "min": 13.182145215216137,
            "max": 17.987304551260813,
            "count": 13
        },
        "ball_40_Platform.IsTraining.mean": {
            "value": 1.0,
            "min": 1.0,
            "max": 1.0,
            "count": 13
        },
        "ball_40_Platform.Policy.LearningRate.mean": {
            "value": 0.00021275946346577257,
            "min": 0.00021275946346577257,
            "max": 0.0002927070308942348,
            "count": 12
        }
    },
    "metadata": {
        "timer_format_version": "0.1.0",
        "start_time_seconds": "1610306923",
        "python_version": "3.7.7 (tags/v3.7.7:d7c567b08f, Mar 10 2020, 10:41:24) [MSC v.1900 64 bit (AMD64)]",
        "command_line_arguments": "C:\\Users\\willi\\AppData\\Local\\Programs\\Python\\Python37\\Scripts\\mlagents-learn trainer_config.yaml --run-id=ball_40",
        "mlagents_version": "0.16.0",
        "mlagents_envs_version": "0.16.0",
        "communication_protocol_version": "1.0.0",
        "tensorflow_version": "2.1.0",
        "end_time_seconds": "1610307979"
    },
    "total": 1055.8429345,
    "count": 1,
    "self": 0.0007957999998779997,
    "children": {
        "run_training.setup": {
            "total": 0.019775099999999934,
            "count": 1,
            "self": 0.019775099999999934
        },
        "TrainerController.start_learning": {
            "total": 1055.8223636,
            "count": 1,
            "self": 44.09744979997208,
            "children": {
                "TrainerController._reset_env": {
                    "total": 11.7834128,
                    "count": 1,
                    "self": 11.7834128
                },
                "TrainerController.advance": {
                    "total": 998.5675998000279,
                    "count": 157879,
                    "self": 1.7726305000270486,
                    "children": {
                        "env_step": {
                            "total": 996.7949693000008,
                            "count": 157879,
                            "self": 895.6957480000347,
                            "children": {
                                "SubprocessEnvManager._take_step": {
                                    "total": 99.0736312999756,
                                    "count": 157879,
                                    "self": 4.656310399962848,
                                    "children": {
                                        "NNPolicy.evaluate": {
                                            "total": 94.41732090001275,
                                            "count": 157879,
                                            "self": 94.41732090001275
                                        }
                                    }
                                },
                                "workers": {
                                    "total": 2.025589999990604,
                                    "count": 157878,
                                    "self": 0.0,
                                    "children": {
                                        "worker_root": {
                                            "total": 1039.3619828999842,
                                            "count": 157878,
                                            "is_parallel": true,
                                            "self": 300.32328149998375,
                                            "children": {
                                                "steps_from_proto": {
                                                    "total": 0.0017940000000002954,
                                                    "count": 1,
                                                    "is_parallel": true,
                                                    "self": 0.00013199999999891077,
                                                    "children": {
                                                        "_process_vector_observation": {
                                                            "total": 0.0016620000000013846,
                                                            "count": 2,
                                                            "is_parallel": true,
                                                            "self": 0.0016620000000013846
                                                        }
                                                    }
                                                },
                                                "UnityEnvironment.step": {
                                                    "total": 739.0369074000005,
                                                    "count": 157878,
                                                    "is_parallel": true,
                                                    "self": 11.796556099980307,
                                                    "children": {
                                                        "UnityEnvironment._generate_step_input": {
                                                            "total": 8.724543300005166,
                                                            "count": 157878,
                                                            "is_parallel": true,
                                                            "self": 8.724543300005166
                                                        },
                                                        "communicator.exchange": {
                                                            "total": 692.3879575000115,
                                                            "count": 157878,
                                                            "is_parallel": true,
                                                            "self": 692.3879575000115
                                                        },
                                                        "steps_from_proto": {
                                                            "total": 26.127850500003518,
                                                            "count": 157878,
                                                            "is_parallel": true,
                                                            "self": 11.175727300024178,
                                                            "children": {
                                                                "_process_vector_observation": {
                                                                    "total": 14.95212319997934,
                                                                    "count": 315756,
                                                                    "is_parallel": true,