Steps,Policy/Entropy,Environment/Episode Length,Policy/Extrinsic Value Estimate,Environment/Cumulative Reward,Policy/Extrinsic Reward,Is Training
12000,1.4189382,176.94117647058823,-0.009304276,16.727420835352657,16.727420835352657,1.0
24000,1.4216645,155.98684210526315,0.52298474,14.674305119012532,14.674305119012532,1.0
36000,1.421361,196.2295081967213,0.9838683,18.628904905475554,18.628904905475554,1.0
48000,1.4323676,235.88235294117646,1.4254748,21.55619981242161,21.55619981242161,1.0
