{
    "name": "root",
    "gauges": {
        "ball_4_MyBehavior.Policy.Entropy.mean": {
            "value": 1.4712936878204346,
            "min": 1.4189382791519165,
            "max": 1.4714787006378174,
            "count": 37
        },
        "ball_4_MyBehavior.Policy.ExtrinsicValueEstimate.mean": {
            "value": -0.4378773272037506,
            "min": -0.4378773272037506,
            "max": 502.6935119628906,
            "count": 37
        },
        "ball_4_MyBehavior.Environment.EpisodeLength.mean": {
            "value": 81.37190082644628,
            "min": 79.91129032258064,
            "max": 83.04201680672269,
            "count": 37
        },
        "ball_4_MyBehavior.Environment.CumulativeReward.mean": {
            "value": -0.8293852435394389,
            "min": -0.8474344237417472,
            "max": -0.8176829241276756,
            "count": 37
        },
        "ball_4_MyBehavior.Policy.ExtrinsicReward.mean": {
            "value": -0.8293852435394389,
            "min": -0.8474344237417472,
            "max": -0.8176829241276756,
            "count": 37
        },
        "ball_4_MyBehavior.IsTraining.mean": {
            "value": 1.0,
            "min": 1.0,
            "max": 1.0,
            "count": 37
        },
        "ball_4_MyBehavior.Losses.ValueLoss.mean": {
            "value": 1.3650010824203491,
            "min": 1.3650010824203491,
            "max": 30598.845703125,
            "count": 36
        },
        "ball_4_MyBehavior.Losses.PolicyLoss.mean": {
            "value": 0.02987535670399666,
            "min": 0.023858288303017616,
            "max": 0.3544065058231354,
            "count": 36
        },
        "ball_4_MyBehavior.Policy.LearningRate.mean": {
            "value": 7.802109030308202e-05,
            "min": 7.802109030308202e-05,
            "max": 0.00029382118373177946,
            "count": 36
        }
    },
    "metadata": {
        "timer_format_version": "0.1.0",
        "start_time_seconds": "1598822955",
        "python_version": "3.7.7 (tags/v3.7.7:d7c567b08f, Mar 10 2020, 10:41:24) [MSC v.1900 64 bit (AMD64)]",
        "command_line_arguments": "C:\\Users\\willi\\AppData\\Local\\Programs\\Python\\Python37\\Scripts\\mlagents-learn trainer_config.yaml --run-id=ball_4",
        "mlagents_version": "0.16.0",
        "mlagents_envs_version": "0.16.0",
        "communication_protocol_version": "1.0.0",
        "tensorflow_version": "2.1.0",
        "end_time_seconds": "1598824519"
    },
    "total": 1564.5299163,
    "count": 1,
    "self": 0.000764800000069954,
    "children": {
        "run_training.setup": {
            "total": 0.02318029999999993,
            "count": 1,
            "self": 0.02318029999999993
        },
        "TrainerController.start_learning": {
            "total": 1564.5059712,
            "count": 1,
            "self": 110.38525649997905,
            "children": {
                "TrainerController._reset_env": {
                    "total": 10.6789752,
                    "count": 1,
                    "self": 10.6789752
                },
                "TrainerController.advance": {
                    "total": 1440.7137650000213,
                    "count": 374084,
                    "self": 4.313516900010427,
                    "children": {
                        "env_step": {
                            "total": 1436.400248100011,
                            "count": 374084,
                            "self": 1205.268377400071,
                            "children": {
                                "SubprocessEnvManager._take_step": {
                                    "total": 226.09361229992163,
                                    "count": 374084,
                                    "self": 11.015890899877405,
                                    "children": {
                                        "NNPolicy.evaluate": {
                                            "total": 215.07772140004423,
                                            "count": 374084,
                                            "self": 215.07772140004423
                                        }
                                    }
                                },
                                "workers": {
                                    "total": 5.038258400018417,
                                    "count": 374083,
                                    "self": 0.0,
                                    "children": {
                                        "worker_root": {
                                            "total": 1543.6938954999785,
                                            "count": 374083,
                                            "is_parallel": true,
                                            "self": 729.5360912000352,
                                            "children": {
                                                "steps_from_proto": {
                                                    "total": 0.00021869999999957201,
                                                    "count": 1,
                                                    "is_parallel": true,
                                                    "self": 7.980000000173959e-05,
                                                    "children": {
                                                        "_process_vector_observation": {
                                                            "total": 0.00013889999999783242,
                                                            "count": 2,
                                                            "is_parallel": true,
                                                            "self": 0.00013889999999783242
                                                        }
                                                    }
                                                },
                                                "UnityEnvironment.step": {
                                                    "total": 814.1575855999432,
                                                    "count": 374083,
                                                    "is_parallel": true,
                                                    "self": 30.172743799951263,
                                                    "children": {
                                                        "UnityEnvironment._generate_step_input": {
                                                            "total": 25.24540629997245,
                                                            "count": 374083,
                                                            "is_parallel": true,
                                                            "self": 25.24540629997245
                                                        },
                                                        "communicator.exchange": {
                                                            "total": 692.7787543000176,
                                                            "count": 374083,
                                                            "is_parallel": true,
                                                            "self": 692.7787543000176
                                                        },
                                                        "steps_from_proto": {
                                                            "total": 65.96068120000193,
                                                            "count": 374083,
                                                            "is_parallel": true,
                                                            "self": 28.92532360007796,
                                                            "children": {
                                                                "_process_vector_observation": {
                                                                    "total": 37.03535759992397,