{
    "name": "root",
    "metadata": {
        "timer_format_version": "0.1.0",
        "start_time_seconds": "1599688436",
        "python_version": "3.7.7 (tags/v3.7.7:d7c567b08f, Mar 10 2020, 10:41:24) [MSC v.1900 64 bit (AMD64)]",
        "command_line_arguments": "C:\\Users\\willi\\AppData\\Local\\Programs\\Python\\Python37\\Scripts\\mlagents-learn trainer_config.yaml --run-id=ball_22",
        "mlagents_version": "0.16.0",
        "mlagents_envs_version": "0.16.0",
        "communication_protocol_version": "1.0.0",
        "tensorflow_version": "2.1.0",
        "end_time_seconds": "1599688450"
    },
    "total": 14.309662200000002,
    "count": 1,
    "self": 0.0004323000000017174,
    "children": {
        "run_training.setup": {
            "total": 0.007316100000000159,
            "count": 1,
            "self": 0.007316100000000159
        },
        "TrainerController.start_learning": {
            "total": 14.3019138,
            "count": 1,
            "self": 1.4083223000000018,
            "children": {
                "TrainerController._reset_env": {
                    "total": 8.7546062,
                    "count": 1,
                    "self": 8.7546062
                },
                "TrainerController.advance": {
                    "total": 3.753122199999998,
                    "count": 701,
                    "self": 0.00763170000002944,
                    "children": {
                        "env_step": {
                            "total": 3.7454904999999687,
                            "count": 701,
                            "self": 3.229914199999971,
                            "children": {
                                "SubprocessEnvManager._take_step": {
                                    "total": 0.5071962000000099,
                                    "count": 701,
                                    "self": 0.020188100000023468,
                                    "children": {
                                        "NNPolicy.evaluate": {
                                            "total": 0.4870080999999864,
                                            "count": 701,
                                            "self": 0.4870080999999864
                                        }
                                    }
                                },
                                "workers": {
                                    "total": 0.008380099999987678,
                                    "count": 700,
                                    "self": 0.0,
                                    "children": {
                                        "worker_root": {
                                            "total": 4.964326499999963,
                                            "count": 700,
                                            "is_parallel": true,
                                            "self": 2.350771899999959,
                                            "children": {
                                                "steps_from_proto": {
                                                    "total": 0.00026309999999973854,
                                                    "count": 1,
                                                    "is_parallel": true,
                                                    "self": 8.839999999921133e-05,
                                                    "children": {
                                                        "_process_vector_observation": {
                                                            "total": 0.0001747000000005272,
                                                            "count": 2,
                                                            "is_parallel": true,
                                                            "self": 0.0001747000000005272
                                                        }
                                                    }
                                                },
                                                "UnityEnvironment.step": {
                                                    "total": 2.6132915000000043,
                                                    "count": 700,
                                                    "is_parallel": true,
                                                    "self": 0.05223010000000272,
                                                    "children": {
                                                        "UnityEnvironment._generate_step_input": {
                                                            "total": 0.041894600000008,
                                                            "count": 700,
                                                            "is_parallel": true,
                                                            "self": 0.041894600000008
                                                        },
                                                        "communicator.exchange": {
                                                            "total": 2.407935399999987,
                                                            "count": 700,
                                                            "is_parallel": true,
                                                            "self": 2.407935399999987
                                                        },
                                                        "steps_from_proto": {
                                                            "total": 0.11123140000000653,
                                                            "count": 700,
                                                            "is_parallel": true,
                                                            "self": 0.04851410000002332,
                                                            "children": {
                                                                "_process_vector_observation": {
                                                                    "total": 0.06271729999998321,
                                                                    "count": 1400,
                                                                    "is_parallel": true,
                                                                    "self": 0.06271729999998321
                                                                }
                                                            }
                                                        }
                                                    }
                                                }
                                            }
                                        }
                                    }
                                }
                            }
                        }
                    }
                },
                "trainer_threads": {
                    "total": 2.2699999998820886e-05,
                    "count": 1,
                    "self": 2.2699999998820886e-05,
                    "children": {
                        "thread_root": {
                            "total": 0.0,
                            "count": 0,
                            "is_parallel": true,
                            "self": 0.0,
                            "children": {
                                "trainer_advance": {
                                    "total": 3.89872700000004,
                                    "count": 1919,
                                    "is_parallel": true,
                                    "self": 0.058580300000002694,
                                    "children": {
                                        "process_trajectory": {
                                            "total": 3.8401467000000373,
                                            "count": 1919,
                                            "is_parallel": true,