{
    "name": "root",
    "gauges": {
        "Platform.Policy.Entropy.mean": {
            "value": 1.4186923503875732,
            "min": 1.4186923503875732,
            "max": 1.4292207956314087,
            "count": 41
        },
        "Platform.Environment.EpisodeLength.mean": {
            "value": 262.1304347826087,
            "min": 152.67088607594937,
            "max": 477.04,
            "count": 41
        },
        "Platform.Policy.ExtrinsicValueEstimate.mean": {
            "value": 6.822923183441162,
            "min": 0.3088144063949585,
            "max": 6.851701736450195,
            "count": 41
        },
        "Platform.Environment.CumulativeReward.mean": {
            "value": 25.067917264026143,
            "min": 7.1404580152951755,
            "max": 30.4209050072564,
            "count": 41
        },
        "Platform.Policy.ExtrinsicReward.mean": {
            "value": 25.067917264026143,
            "min": 7.1404580152951755,
            "max": 30.4209050072564,
            "count": 41
        },
        "Platform.IsTraining.mean": {
            "value": 1.0,
            "min": 1.0,
            "max": 1.0,
            "count": 41
        },
        "Platform.Losses.PolicyLoss.mean": {
            "value": 0.10438515415186422,
            "min": 0.09230662820566642,
            "max": 0.1064780942009141,
            "count": 40
        },
        "Platform.Losses.ValueLoss.mean": {
            "value": 2.8784518622515494,
            "min": 1.633812085869386,
            "max": 3.371650150423538,
            "count": 40
        },
        "Platform.Policy.LearningRate.mean": {
            "value": 8.108497297200014e-06,
            "min": 8.108497297200014e-06,
            "max": 0.00029271600242799996,
            "count": 40
        },
        "Platform.Policy.Epsilon.mean": {
            "value": 0.10270279999999998,
            "min": 0.10270279999999998,
            "max": 0.19757200000000005,
            "count": 40
        },
        "Platform.Policy.Beta.mean": {
            "value": 3.675772000000005e-05,
            "min": 3.675772000000005e-05,
            "max": 0.0009759628,
            "count": 40
        }
    },
    "metadata": {
        "timer_format_version": "0.1.0",
        "start_time_seconds": "1610331411",
        "python_version": "3.8.7 (tags/v3.8.7:6503f05, Dec 21 2020, 17:59:51) [MSC v.1928 64 bit (AMD64)]",
        "command_line_arguments": "C:\\Users\\willi\\AppData\\Local\\Programs\\Python\\Python38\\Scripts\\mlagents-learn trainer_config.yaml --run-id=ball_48",
        "mlagents_version": "0.23.0",
        "mlagents_envs_version": "0.23.0",
        "communication_protocol_version": "1.3.0",
        "pytorch_version": "1.7.0+cu110",
        "numpy_version": "1.18.5",
        "end_time_seconds": "1610336635"
    },
    "total": 5223.4149342,
    "count": 1,
    "self": 0.01719299999967916,
    "children": {
        "run_training.setup": {
            "total": 0.015567099999999945,
            "count": 1,
            "self": 0.015567099999999945
        },
        "TrainerController.start_learning": {
            "total": 5223.3821741,
            "count": 1,
            "self": 11.63284729994848,
            "children": {
                "TrainerController._reset_env": {
                    "total": 5.7050076,
                    "count": 1,
                    "self": 5.7050076
                },
                "TrainerController.advance": {
                    "total": 5205.974976000052,
                    "count": 500186,
                    "self": 5.127334200124096,
                    "children": {
                        "env_step": {
                            "total": 5200.847641799928,
                            "count": 500186,
                            "self": 4064.971458500092,
                            "children": {
                                "SubprocessEnvManager._take_step": {
                                    "total": 1129.9287766998839,
                                    "count": 500186,
                                    "self": 30.961482800013755,
                                    "children": {
                                        "TorchPolicy.evaluate": {
                                            "total": 1098.9672938998701,
                                            "count": 500186,
                                            "self": 485.077122299948,
                                            "children": {
                                                "TorchPolicy.sample_actions": {
                                                    "total": 613.8901715999222,
                                                    "count": 500186,
                                                    "self": 613.8901715999222
                                                }
                                            }
                                        }
                                    }
                                },
                                "workers": {
                                    "total": 5.94740659995214,
                                    "count": 500186,
                                    "self": 0.0,
                                    "children": {
                                        "worker_root": {
                                            "total": 5204.26565120001,
                                            "count": 500186,
                                            "is_parallel": true,
                                            "self": 1596.618935899984,
                                            "children": {
                                                "steps_from_proto": {
                                                    "total": 0.00031159999999985644,
                                                    "count": 1,
                                                    "is_parallel": true,
                                                    "self": 0.00011849999999924421,
                                                    "children": {
                                                        "_process_vector_observation": {
                                                            "total": 0.00019310000000061223,
                                                            "count": 2,
                                                            "is_parallel": true,
                                                            "self": 0.00019310000000061223
                                                        }
                                                    }
                                                },
                                                "UnityEnvironment.step": {
                                                    "total": 3607.6464037000264,
                                                    "count": 500186,
                                                    "is_parallel": true,
                                                    "self": 29.119315300057224,
                                                    "children": {
                                                        "UnityEnvironment._generate_step_input": {
                                                            "total": 70.17471549993905,
                                                            "count": 500186,
                                                            "is_parallel": true,
                                                            "self": 70.17471549993905
                                                        },
                                                        "communicator.exchange": {
                                                            "total": 3430.7557052999796,
                                                            "count": 500186,
                                                            "is_parallel": true,